name,type,focal_length,left_margin,right_margin,in_roc,out_roc,thickness,refractive_index
LVPn50,thick,0.05139599552889923,0.0,0.0,0.026039000000000003,-inf,0.0015,1.506634801642448
LVPn100,thick,0.10108267302991616,0.0,0.0,0.05121200000000001,-inf,0.0015,1.506634801642448
LVPn200,thick,0.2060853294355531,0.0,0.0,0.10441,-inf,0.0015,1.506634801642448
LVPn500,thick,0.5139599552889922,0.0,0.0,0.26039,-inf,0.0015,1.506634801642448
LVPn1000,thick,1.032893907610621,0.0,0.0,0.5233,-inf,0.0015,1.506634801642448
