name,type,focal_length,left_margin,right_margin,in_roc,out_roc,thickness,refractive_index
LBVn50,thick,-0.051396990114513964,0.0,0.0,-0.05233,0.05233,0.0015,1.506634801642448
LBVn100,thick,-0.10279436541420633,0.0,0.0,-0.10441,0.10441,0.0015,1.506634801642448
LBVn150,thick,-0.1539256720343762,0.0,0.0,-0.15622,0.15622,0.0015,1.506634801642448
