name,type,focal_length,left_margin,right_margin,in_roc,out_roc,thickness,refractive_index
LXP50,thick,0.05139599552889923,0.0,0.0,0.026039000000000003,-inf,0.005,1.506634801642448
LXP80,thick,0.08145709664281048,0.0,0.0,0.041269,-inf,0.004,1.506634801642448
LXP100,thick,0.10108267302991616,0.0,0.0,0.05121200000000001,-inf,0.004,1.506634801642448
LXP150,thick,0.15454524589737514,0.0,0.0,0.078298,-inf,0.004,1.506634801642448
LXP200,thick,0.20314435499958938,0.0,0.0,0.10292,-inf,0.004,1.506634801642448
LXP300,thick,0.3039467472443332,0.0,0.0,0.15399000000000002,-inf,0.004,1.506634801642448
LXP500,thick,0.5139599552889922,0.0,0.0,0.26039,-inf,0.004,1.506634801642448
LXP1000,thick,1.0035828536682978,0.0,0.0,0.50845,-inf,4e-05,1.506634801642448
